timestamp,event_type,severity,message
2026-08-12 01:20:32,YAWNING,MODERATE,Yawning detected
2026-08-12 01:22:45,YAWNING,MODERATE,Yawning detected
2026-08-12 01:22:48,YAWNING,MODERATE,Yawning detected
2026-08-12 01:22:50,YAWNING,MODERATE,Yawning detected
2026-08-12 01:22:57,YAWNING,MODERATE,Yawning detected
2026-08-12 01:22:58,GAZE_AWAY,MODERATE,Prolonged gaze away for 1.0s
2026-08-12 01:23:00,RISK_TRANSITION,LOW,Risk changed from NORMAL to LOW
2026-08-12 01:23:02,YAWNING,MODERATE,Yawning detected
2026-08-12 01:23:06,YAWNING,MODERATE,Yawning detected
2026-08-12 01:23:08,YAWNING,MODERATE,Yawning detected
2026-08-12 01:23:12,YAWNING,MODERATE,Yawning detected
2026-08-12 01:23:17,YAWNING,MODERATE,Yawning detected
2026-08-12 01:23:19,YAWNING,MODERATE,Yawning detected
2026-08-12 01:23:22,YAWNING,MODERATE,Yawning detected
2026-08-12 01:23:24,YAWNING,MODERATE,Yawning detected
2026-08-12 01:23:26,RISK_TRANSITION,LOW,Risk changed from NORMAL to LOW
2026-08-12 01:23:27,YAWNING,MODERATE,Yawning detected
2026-08-12 01:23:30,RISK_TRANSITION,LOW,Risk changed from NORMAL to LOW
2026-08-12 01:23:33,YAWNING,MODERATE,Yawning detected
2026-08-12 01:23:34,RISK_TRANSITION,LOW,Risk changed from NORMAL to LOW
2026-08-12 01:23:35,GAZE_AWAY,MODERATE,Prolonged gaze away for 1.0s
2026-08-12 01:23:37,RISK_TRANSITION,LOW,Risk changed from NORMAL to LOW
2026-08-12 01:23:39,YAWNING,MODERATE,Yawning detected
2026-08-12 01:23:43,RISK_TRANSITION,LOW,Risk changed from NORMAL to LOW
2026-08-12 01:23:44,GAZE_AWAY,MODERATE,Prolonged gaze away for 1.0s
2026-08-12 01:23:45,EYE_CLOSURE,HIGH,Eyes closed for 1.5s
2026-08-12 01:23:45,MICROSLEEP,CRITICAL,Microsleep detected
2026-08-12 01:23:45,INTERVENTION,HIGH,Intervention changed from NORMAL to HIGH
2026-08-12 01:23:46,RISK_TRANSITION,MODERATE,Risk changed from LOW to MODERATE
2026-08-12 01:23:47,YAWNING,MODERATE,Yawning detected
2026-08-12 01:23:49,INTERVENTION,NORMAL,Intervention changed from HIGH to NORMAL
2026-08-12 01:23:49,YAWNING,MODERATE,Yawning detected
2026-08-12 01:23:51,YAWNING,MODERATE,Yawning detected
2026-08-12 01:23:53,YAWNING,MODERATE,Yawning detected
2026-08-12 01:23:56,YAWNING,MODERATE,Yawning detected
2026-08-12 01:23:58,YAWNING,MODERATE,Yawning detected
2026-08-12 01:24:00,YAWNING,MODERATE,Yawning detected
2026-08-12 01:24:03,YAWNING,MODERATE,Yawning detected
2026-08-12 01:24:07,YAWNING,MODERATE,Yawning detected
2026-08-12 01:29:52,YAWNING,MODERATE,Yawning detected
2026-08-12 01:29:52,RISK_TRANSITION,LOW,Risk changed from NORMAL to LOW
2026-08-12 01:29:55,YAWNING,MODERATE,Yawning detected
2026-08-12 01:29:58,YAWNING,MODERATE,Yawning detected
2026-08-12 01:30:00,YAWNING,MODERATE,Yawning detected
2026-08-12 01:30:01,RISK_TRANSITION,LOW,Risk changed from NORMAL to LOW
2026-08-12 01:30:03,YAWNING,MODERATE,Yawning detected
2026-08-12 01:30:05,YAWNING,MODERATE,Yawning detected
2026-08-12 01:30:13,YAWNING,MODERATE,Yawning detected
2026-08-12 01:30:15,YAWNING,MODERATE,Yawning detected
2026-08-12 01:30:15,RISK_TRANSITION,LOW,Risk changed from NORMAL to LOW
2026-08-12 01:30:18,YAWNING,MODERATE,Yawning detected
2026-08-12 01:30:20,YAWNING,MODERATE,Yawning detected
2026-08-12 01:30:23,YAWNING,MODERATE,Yawning detected
2026-08-12 01:30:26,YAWNING,MODERATE,Yawning detected
2026-08-12 01:30:32,YAWNING,MODERATE,Yawning detected
2026-08-12 01:30:32,RISK_TRANSITION,LOW,Risk changed from NORMAL to LOW
2026-08-12 01:30:35,RISK_TRANSITION,LOW,Risk changed from NORMAL to LOW
2026-08-12 01:30:41,YAWNING,MODERATE,Yawning detected
2026-08-12 01:30:51,YAWNING,MODERATE,Yawning detected
2026-08-12 01:30:55,YAWNING,MODERATE,Yawning detected
2026-08-12 01:31:00,YAWNING,MODERATE,Yawning detected
2026-08-12 01:31:06,RISK_TRANSITION,LOW,Risk changed from NORMAL to LOW
2026-08-12 01:31:08,YAWNING,MODERATE,Yawning detected
2026-08-12 01:31:10,RISK_TRANSITION,LOW,Risk changed from NORMAL to LOW
2026-08-12 01:31:12,YAWNING,MODERATE,Yawning detected
2026-08-12 01:31:16,YAWNING,MODERATE,Yawning detected
2026-08-12 01:31:23,RISK_TRANSITION,LOW,Risk changed from NORMAL to LOW
2026-08-12 01:31:24,GAZE_AWAY,MODERATE,Prolonged gaze away for 1.0s
2026-08-12 01:31:27,RISK_TRANSITION,LOW,Risk changed from NORMAL to LOW
2026-08-12 01:31:28,YAWNING,MODERATE,Yawning detected
2026-08-12 01:31:30,YAWNING,MODERATE,Yawning detected
2026-08-12 01:31:33,RISK_TRANSITION,LOW,Risk changed from NORMAL to LOW
2026-08-12 01:31:34,YAWNING,MODERATE,Yawning detected
2026-08-12 01:31:37,YAWNING,MODERATE,Yawning detected
2026-08-12 01:31:49,YAWNING,MODERATE,Yawning detected
2026-08-12 01:32:15,GAZE_AWAY,MODERATE,Prolonged gaze away for 1.0s
2026-08-12 01:32:17,RISK_TRANSITION,LOW,Risk changed from NORMAL to LOW
2026-08-12 01:32:17,YAWNING,MODERATE,Yawning detected
2026-08-12 01:32:19,RISK_TRANSITION,LOW,Risk changed from NORMAL to LOW
2026-08-12 01:32:21,YAWNING,MODERATE,Yawning detected
2026-08-12 01:34:53,GAZE_AWAY,MODERATE,Prolonged gaze away for 1.0s
2026-08-12 01:34:54,RISK_TRANSITION,LOW,Risk changed from NORMAL to LOW
2026-08-12 01:34:56,RISK_TRANSITION,LOW,Risk changed from NORMAL to LOW
2026-08-12 01:34:58,RISK_TRANSITION,NORMAL,Risk changed from LOW to NORMAL
2026-08-12 01:35:00,RISK_TRANSITION,LOW,Risk changed from NORMAL to LOW
2026-08-12 01:35:02,RISK_TRANSITION,NORMAL,Risk changed from LOW to NORMAL
2026-08-12 01:35:05,RISK_TRANSITION,NORMAL,Risk changed from LOW to NORMAL
2026-08-12 01:35:07,RISK_TRANSITION,LOW,Risk changed from NORMAL to LOW
2026-08-12 01:35:09,RISK_TRANSITION,NORMAL,Risk changed from LOW to NORMAL
2026-08-12 01:35:11,RISK_TRANSITION,NORMAL,Risk changed from LOW to NORMAL
2026-08-12 01:35:14,GAZE_AWAY,MODERATE,Prolonged gaze away for 1.0s
2026-08-12 01:35:16,RISK_TRANSITION,LOW,Risk changed from NORMAL to LOW
2026-08-12 01:35:18,RISK_TRANSITION,NORMAL,Risk changed from LOW to NORMAL
2026-08-12 01:35:20,RISK_TRANSITION,NORMAL,Risk changed from LOW to NORMAL
2026-08-12 01:35:23,RISK_TRANSITION,NORMAL,Risk changed from LOW to NORMAL
2026-08-12 01:35:24,YAWNING,MODERATE,Yawning detected
2026-08-12 01:35:27,YAWNING,MODERATE,Yawning detected
2026-08-12 01:35:27,RISK_TRANSITION,LOW,Risk changed from NORMAL to LOW
2026-08-12 01:35:34,RISK_TRANSITION,LOW,Risk changed from NORMAL to LOW
2026-08-12 01:36:10,RISK_TRANSITION,LOW,Risk changed from NORMAL to LOW
2026-08-12 01:37:05,YAWNING,MODERATE,Yawning detected
2026-08-12 01:37:07,YAWNING,MODERATE,Yawning detected
2026-08-12 01:37:25,RISK_TRANSITION,LOW,Risk changed from NORMAL to LOW
2026-08-12 01:37:31,RISK_TRANSITION,LOW,Risk changed from NORMAL to LOW
2026-08-12 01:37:34,RISK_TRANSITION,LOW,Risk changed from NORMAL to LOW
2026-08-12 01:37:36,GAZE_AWAY,MODERATE,Prolonged gaze away for 1.0s
2026-08-12 01:37:39,YAWNING,MODERATE,Yawning detected
2026-08-12 01:37:42,RISK_TRANSITION,LOW,Risk changed from NORMAL to LOW
2026-08-12 01:37:45,RISK_TRANSITION,LOW,Risk changed from NORMAL to LOW
2026-08-12 01:38:05,YAWNING,MODERATE,Yawning detected
2026-08-12 01:38:32,RISK_TRANSITION,LOW,Risk changed from NORMAL to LOW
2026-08-12 01:38:34,YAWNING,MODERATE,Yawning detected
2026-08-12 01:38:45,RISK_TRANSITION,LOW,Risk changed from NORMAL to LOW
2026-08-12 01:39:07,RISK_TRANSITION,LOW,Risk changed from NORMAL to LOW
2026-08-12 01:39:10,RISK_TRANSITION,LOW,Risk changed from NORMAL to LOW
2026-08-12 01:39:19,YAWNING,MODERATE,Yawning detected
2026-08-12 01:39:21,RISK_TRANSITION,LOW,Risk changed from NORMAL to LOW
2026-08-12 01:39:26,RISK_TRANSITION,LOW,Risk changed from NORMAL to LOW
2026-08-12 01:39:29,YAWNING,MODERATE,Yawning detected
2026-08-12 01:39:30,GAZE_AWAY,MODERATE,Prolonged gaze away for 1.0s
2026-08-12 01:39:31,YAWNING,MODERATE,Yawning detected
2026-08-12 01:39:31,RISK_TRANSITION,LOW,Risk changed from NORMAL to LOW
2026-08-12 01:39:35,RISK_TRANSITION,LOW,Risk changed from NORMAL to LOW
2026-08-12 01:39:38,GAZE_AWAY,MODERATE,Prolonged gaze away for 1.0s
2026-08-12 01:39:40,GAZE_AWAY,MODERATE,Prolonged gaze away for 1.0s
2026-08-12 01:39:41,RISK_TRANSITION,LOW,Risk changed from NORMAL to LOW
2026-08-12 01:39:43,INTERVENTION,LOW,Intervention changed from NORMAL to LOW
2026-08-12 01:39:44,RISK_TRANSITION,NORMAL,Risk changed from LOW to NORMAL
2026-08-12 01:39:46,YAWNING,MODERATE,Yawning detected
2026-08-12 01:39:47,RISK_TRANSITION,NORMAL,Risk changed from LOW to NORMAL
2026-08-12 01:39:50,RISK_TRANSITION,LOW,Risk changed from NORMAL to LOW
2026-08-12 01:39:50,GAZE_AWAY,MODERATE,Prolonged gaze away for 1.0s
2026-08-12 01:39:52,RISK_TRANSITION,NORMAL,Risk changed from LOW to NORMAL
2026-08-12 01:39:54,INTERVENTION,NORMAL,Intervention changed from LOW to NORMAL
2026-08-12 01:40:15,RISK_TRANSITION,LOW,Risk changed from NORMAL to LOW
2026-08-12 01:40:36,RISK_TRANSITION,LOW,Risk changed from NORMAL to LOW
2026-08-12 02:38:58,GAZE_AWAY,MODERATE,Prolonged gaze away for 1.0s
2026-08-12 02:38:59,RISK_TRANSITION,LOW,Risk changed from NORMAL to LOW
2026-08-12 02:39:00,GAZE_AWAY,MODERATE,Prolonged gaze away for 1.1s
2026-08-12 02:39:01,EYE_CLOSURE,HIGH,Eyes closed for 1.5s
2026-08-12 02:39:01,MICROSLEEP,CRITICAL,Microsleep detected
2026-08-12 02:39:01,INTERVENTION,HIGH,Intervention changed from NORMAL to HIGH
2026-08-12 02:39:02,RISK_TRANSITION,HIGH,Risk changed from MODERATE to HIGH
2026-08-12 02:39:04,RISK_TRANSITION,LOW,Risk changed from NORMAL to LOW
2026-08-12 02:39:07,GAZE_AWAY,MODERATE,Prolonged gaze away for 1.0s
2026-08-12 02:39:07,RISK_TRANSITION,NORMAL,Risk changed from LOW to NORMAL
2026-08-12 02:39:08,INTERVENTION,NORMAL,Intervention changed from HIGH to NORMAL
2026-08-12 02:39:10,RISK_TRANSITION,LOW,Risk changed from NORMAL to LOW
2026-08-12 02:39:12,RISK_TRANSITION,LOW,Risk changed from NORMAL to LOW
2026-08-12 02:39:14,RISK_TRANSITION,NORMAL,Risk changed from LOW to NORMAL
2026-08-12 02:39:18,RISK_TRANSITION,LOW,Risk changed from NORMAL to LOW
2026-08-12 02:39:20,INTERVENTION,LOW,Intervention changed from NORMAL to LOW
2026-08-12 02:39:20,EYE_CLOSURE,HIGH,Eyes closed for 1.5s
2026-08-12 02:39:20,MICROSLEEP,CRITICAL,Microsleep detected
2026-08-12 02:39:20,GAZE_AWAY,MODERATE,Prolonged gaze away for 1.1s
2026-08-12 02:39:20,RISK_TRANSITION,MODERATE,Risk changed from LOW to MODERATE
2026-08-12 02:39:23,RISK_TRANSITION,MODERATE,Risk changed from HIGH to MODERATE
2026-08-12 02:39:25,GAZE_AWAY,MODERATE,Prolonged gaze away for 1.0s
2026-08-12 02:39:26,RISK_TRANSITION,LOW,Risk changed from HIGH to LOW
2026-08-12 02:39:28,RISK_TRANSITION,MODERATE,Risk changed from NORMAL to MODERATE
2026-08-12 02:39:31,INTERVENTION,NORMAL,Intervention changed from HIGH to NORMAL
2026-08-12 02:39:32,GAZE_AWAY,MODERATE,Prolonged gaze away for 1.0s
2026-08-12 02:39:33,RISK_TRANSITION,LOW,Risk changed from NORMAL to LOW
2026-08-12 02:39:35,RISK_TRANSITION,NORMAL,Risk changed from LOW to NORMAL
2026-08-12 02:39:42,RISK_TRANSITION,LOW,Risk changed from NORMAL to LOW
2026-08-12 02:39:44,RISK_TRANSITION,NORMAL,Risk changed from LOW to NORMAL
2026-08-12 02:54:51,RISK_TRANSITION,LOW,Risk changed from NORMAL to LOW
2026-08-12 02:54:53,RISK_TRANSITION,LOW,Risk changed from NORMAL to LOW
2026-08-12 02:54:56,RISK_TRANSITION,MODERATE,Risk changed from LOW to MODERATE
2026-08-12 02:54:59,RISK_TRANSITION,MODERATE,Risk changed from LOW to MODERATE
2026-08-12 02:55:01,RISK_TRANSITION,LOW,Risk changed from MODERATE to LOW
2026-08-12 02:55:04,RISK_TRANSITION,LOW,Risk changed from NORMAL to LOW
2026-08-12 02:55:05,GAZE_AWAY,MODERATE,Prolonged gaze away for 1.1s
2026-08-12 02:55:06,EYE_CLOSURE,HIGH,Eyes closed for 1.6s
2026-08-12 02:55:06,MICROSLEEP,CRITICAL,Microsleep detected
2026-08-12 02:55:06,INTERVENTION,HIGH,Intervention changed from NORMAL to HIGH
2026-08-12 02:55:07,RISK_TRANSITION,HIGH,Risk changed from MODERATE to HIGH
2026-08-12 02:55:09,RISK_TRANSITION,LOW,Risk changed from MODERATE to LOW
2026-08-12 02:55:11,GAZE_AWAY,MODERATE,Prolonged gaze away for 1.0s
2026-08-12 02:55:12,EYE_CLOSURE,HIGH,Eyes closed for 2.2s
2026-08-12 02:55:12,MICROSLEEP,CRITICAL,Microsleep detected
2026-08-12 02:55:12,RISK_TRANSITION,HIGH,Risk changed from MODERATE to HIGH
2026-08-12 02:55:14,GAZE_AWAY,MODERATE,Prolonged gaze away for 1.0s
2026-08-12 02:55:15,RISK_TRANSITION,MODERATE,Risk changed from HIGH to MODERATE
2026-08-12 02:55:17,RISK_TRANSITION,LOW,Risk changed from MODERATE to LOW
2026-08-12 02:55:20,RISK_TRANSITION,MODERATE,Risk changed from LOW to MODERATE
2026-08-12 02:55:22,RISK_TRANSITION,MODERATE,Risk changed from LOW to MODERATE
2026-08-12 02:55:23,GAZE_AWAY,MODERATE,Prolonged gaze away for 1.0s
2026-08-12 02:55:25,INTERVENTION,LOW,Intervention changed from HIGH to LOW
2026-08-12 02:55:25,RISK_TRANSITION,MODERATE,Risk changed from LOW to MODERATE
2026-08-12 02:55:26,GAZE_AWAY,MODERATE,Prolonged gaze away for 1.1s
2026-08-12 02:55:28,RISK_TRANSITION,MODERATE,Risk changed from LOW to MODERATE
2026-08-12 02:55:29,GAZE_AWAY,MODERATE,Prolonged gaze away for 1.1s
2026-08-12 02:55:30,EYE_CLOSURE,HIGH,Eyes closed for 1.6s
2026-08-12 02:55:30,MICROSLEEP,CRITICAL,Microsleep detected
2026-08-12 02:55:30,INTERVENTION,HIGH,Intervention changed from LOW to HIGH
2026-08-12 02:55:31,RISK_TRANSITION,HIGH,Risk changed from MODERATE to HIGH
2026-08-12 02:55:33,RISK_TRANSITION,MODERATE,Risk changed from LOW to MODERATE
2026-08-12 02:55:36,RISK_TRANSITION,MODERATE,Risk changed from LOW to MODERATE
2026-08-12 02:55:37,INTERVENTION,LOW,Intervention changed from HIGH to LOW
2026-08-12 02:55:38,RISK_TRANSITION,NORMAL,Risk changed from LOW to NORMAL
2026-08-12 02:55:40,RISK_TRANSITION,NORMAL,Risk changed from LOW to NORMAL
2026-08-12 02:55:43,RISK_TRANSITION,MODERATE,Risk changed from LOW to MODERATE
2026-08-12 02:55:46,RISK_TRANSITION,LOW,Risk changed from NORMAL to LOW
2026-08-12 02:55:47,GAZE_AWAY,MODERATE,Prolonged gaze away for 1.1s
2026-08-12 02:55:49,RISK_TRANSITION,LOW,Risk changed from NORMAL to LOW
2026-08-12 02:55:51,RISK_TRANSITION,LOW,Risk changed from NORMAL to LOW
2026-08-12 02:55:54,INTERVENTION,NORMAL,Intervention changed from LOW to NORMAL
2026-08-12 02:55:54,RISK_TRANSITION,LOW,Risk changed from NORMAL to LOW
2026-08-12 02:55:57,RISK_TRANSITION,LOW,Risk changed from NORMAL to LOW
2026-08-12 02:55:59,RISK_TRANSITION,LOW,Risk changed from NORMAL to LOW
2026-08-12 02:57:24,RISK_TRANSITION,LOW,Risk changed from NORMAL to LOW
2026-08-12 02:57:26,RISK_TRANSITION,LOW,Risk changed from NORMAL to LOW
2026-08-12 02:57:28,RISK_TRANSITION,LOW,Risk changed from NORMAL to LOW
2026-08-12 02:57:31,RISK_TRANSITION,LOW,Risk changed from NORMAL to LOW
2026-08-12 03:04:47,RISK_TRANSITION,LOW,Risk changed from NORMAL to LOW
2026-08-12 03:04:50,RISK_TRANSITION,LOW,Risk changed from NORMAL to LOW
2026-08-12 03:04:54,RISK_TRANSITION,LOW,Risk changed from NORMAL to LOW
2026-08-12 03:04:57,RISK_TRANSITION,LOW,Risk changed from NORMAL to LOW
2026-08-12 03:05:01,RISK_TRANSITION,LOW,Risk changed from NORMAL to LOW
2026-08-12 03:05:04,RISK_TRANSITION,LOW,Risk changed from NORMAL to LOW
2026-08-12 03:05:09,RISK_TRANSITION,LOW,Risk changed from NORMAL to LOW
2026-08-12 03:05:11,RISK_TRANSITION,LOW,Risk changed from NORMAL to LOW
2026-08-12 03:05:18,RISK_TRANSITION,LOW,Risk changed from NORMAL to LOW
2026-08-12 03:05:22,RISK_TRANSITION,LOW,Risk changed from NORMAL to LOW
2026-08-12 03:05:24,RISK_TRANSITION,LOW,Risk changed from NORMAL to LOW
2026-08-12 03:05:29,RISK_TRANSITION,LOW,Risk changed from NORMAL to LOW
2026-08-12 03:05:40,RISK_TRANSITION,LOW,Risk changed from NORMAL to LOW
2026-08-12 03:05:42,RISK_TRANSITION,LOW,Risk changed from NORMAL to LOW
2026-08-12 03:05:47,RISK_TRANSITION,LOW,Risk changed from NORMAL to LOW
2026-08-12 03:05:52,RISK_TRANSITION,LOW,Risk changed from NORMAL to LOW
2026-08-12 03:05:55,RISK_TRANSITION,LOW,Risk changed from NORMAL to LOW
2026-08-12 03:06:00,RISK_TRANSITION,LOW,Risk changed from NORMAL to LOW
2026-08-12 03:06:05,RISK_TRANSITION,LOW,Risk changed from NORMAL to LOW
2026-08-12 03:06:10,RISK_TRANSITION,LOW,Risk changed from NORMAL to LOW
2026-08-12 03:06:21,RISK_TRANSITION,LOW,Risk changed from NORMAL to LOW
2026-08-12 03:06:23,RISK_TRANSITION,NORMAL,Risk changed from LOW to NORMAL
2026-08-12 03:06:25,RISK_TRANSITION,LOW,Risk changed from NORMAL to LOW
2026-08-12 03:06:29,RISK_TRANSITION,LOW,Risk changed from NORMAL to LOW
2026-08-12 03:06:31,RISK_TRANSITION,LOW,Risk changed from NORMAL to LOW
2026-08-12 03:06:34,RISK_TRANSITION,LOW,Risk changed from NORMAL to LOW
2026-08-12 03:06:41,GAZE_AWAY,MODERATE,Prolonged gaze away for 1.7s
2026-08-12 03:06:43,YAWNING,MODERATE,Yawning detected
2026-08-12 03:06:45,GAZE_AWAY,MODERATE,Prolonged gaze away for 1.1s
2026-08-12 03:06:45,RISK_TRANSITION,LOW,Risk changed from NORMAL to LOW
2026-08-12 03:06:47,RISK_TRANSITION,NORMAL,Risk changed from LOW to NORMAL
2026-08-12 03:06:49,RISK_TRANSITION,LOW,Risk changed from NORMAL to LOW
2026-08-12 03:06:54,RISK_TRANSITION,LOW,Risk changed from NORMAL to LOW
2026-08-12 03:06:57,RISK_TRANSITION,MODERATE,Risk changed from NORMAL to MODERATE
2026-08-12 03:06:58,GAZE_AWAY,MODERATE,Prolonged gaze away for 1.0s
2026-08-12 03:06:59,RISK_TRANSITION,MODERATE,Risk changed from LOW to MODERATE
2026-08-12 03:07:00,EYE_CLOSURE,HIGH,Eyes closed for 1.5s
2026-08-12 03:07:00,MICROSLEEP,CRITICAL,Microsleep detected
2026-08-12 03:07:00,INTERVENTION,HIGH,Intervention changed from NORMAL to HIGH
2026-08-12 03:07:01,RISK_TRANSITION,LOW,Risk changed from MODERATE to LOW
2026-08-12 03:07:04,RISK_TRANSITION,LOW,Risk changed from NORMAL to LOW
2026-08-12 03:07:06,INTERVENTION,NORMAL,Intervention changed from HIGH to NORMAL
2026-08-12 03:07:06,RISK_TRANSITION,LOW,Risk changed from NORMAL to LOW
2026-08-12 03:07:08,RISK_TRANSITION,LOW,Risk changed from NORMAL to LOW
2026-08-12 03:07:12,RISK_TRANSITION,LOW,Risk changed from NORMAL to LOW
2026-08-12 03:07:14,RISK_TRANSITION,LOW,Risk changed from NORMAL to LOW
2026-08-12 03:07:16,RISK_TRANSITION,NORMAL,Risk changed from LOW to NORMAL
2026-08-12 03:07:19,RISK_TRANSITION,LOW,Risk changed from NORMAL to LOW
2026-08-12 03:07:21,GAZE_AWAY,MODERATE,Prolonged gaze away for 1.1s
2026-08-12 03:07:21,EYE_CLOSURE,HIGH,Eyes closed for 1.6s
2026-08-12 03:07:21,MICROSLEEP,CRITICAL,Microsleep detected
2026-08-12 03:07:21,INTERVENTION,HIGH,Intervention changed from NORMAL to HIGH
2026-08-12 03:07:22,RISK_TRANSITION,LOW,Risk changed from MODERATE to LOW
2026-08-12 03:07:24,RISK_TRANSITION,LOW,Risk changed from NORMAL to LOW
2026-08-12 03:07:27,INTERVENTION,NORMAL,Intervention changed from HIGH to NORMAL
2026-08-12 03:07:27,RISK_TRANSITION,LOW,Risk changed from NORMAL to LOW
2026-08-12 03:07:30,RISK_TRANSITION,LOW,Risk changed from NORMAL to LOW
2026-08-12 03:07:33,GAZE_AWAY,MODERATE,Prolonged gaze away for 1.9s
2026-08-12 03:07:33,RISK_TRANSITION,MODERATE,Risk changed from NORMAL to MODERATE
2026-08-12 03:07:35,RISK_TRANSITION,LOW,Risk changed from NORMAL to LOW
2026-08-12 03:07:37,RISK_TRANSITION,LOW,Risk changed from NORMAL to LOW
2026-08-12 03:07:40,RISK_TRANSITION,LOW,Risk changed from NORMAL to LOW
2026-08-12 03:07:44,RISK_TRANSITION,LOW,Risk changed from NORMAL to LOW
2026-08-12 03:07:46,RISK_TRANSITION,LOW,Risk changed from NORMAL to LOW
2026-08-12 03:07:48,RISK_TRANSITION,LOW,Risk changed from NORMAL to LOW
2026-08-12 03:07:52,RISK_TRANSITION,LOW,Risk changed from NORMAL to LOW
2026-08-12 03:07:54,RISK_TRANSITION,LOW,Risk changed from NORMAL to LOW
2026-08-12 03:07:57,RISK_TRANSITION,LOW,Risk changed from NORMAL to LOW
2026-08-12 03:07:59,RISK_TRANSITION,LOW,Risk changed from NORMAL to LOW
2026-08-12 03:08:01,RISK_TRANSITION,LOW,Risk changed from NORMAL to LOW
2026-08-12 03:08:04,RISK_TRANSITION,LOW,Risk changed from NORMAL to LOW
2026-08-12 03:08:06,RISK_TRANSITION,NORMAL,Risk changed from LOW to NORMAL
2026-08-12 03:08:08,RISK_TRANSITION,LOW,Risk changed from NORMAL to LOW
2026-08-12 03:08:12,RISK_TRANSITION,LOW,Risk changed from NORMAL to LOW
2026-08-12 03:08:14,RISK_TRANSITION,LOW,Risk changed from NORMAL to LOW
2026-08-12 03:08:16,RISK_TRANSITION,NORMAL,Risk changed from LOW to NORMAL
2026-08-12 03:08:18,GAZE_AWAY,MODERATE,Prolonged gaze away for 1.0s
2026-08-12 03:08:18,RISK_TRANSITION,LOW,Risk changed from NORMAL to LOW
2026-08-12 03:08:20,YAWNING,MODERATE,Yawning detected
2026-08-12 03:08:20,RISK_TRANSITION,LOW,Risk changed from NORMAL to LOW
2026-08-12 03:08:22,RISK_TRANSITION,NORMAL,Risk changed from LOW to NORMAL
2026-08-12 03:08:25,RISK_TRANSITION,MODERATE,Risk changed from LOW to MODERATE
2026-08-12 03:08:25,YAWNING,MODERATE,Yawning detected
2026-08-12 03:08:25,GAZE_AWAY,MODERATE,Prolonged gaze away for 1.2s
2026-08-12 03:08:27,RISK_TRANSITION,LOW,Risk changed from NORMAL to LOW
2026-08-12 03:08:30,RISK_TRANSITION,LOW,Risk changed from NORMAL to LOW
2026-08-12 03:08:32,RISK_TRANSITION,LOW,Risk changed from NORMAL to LOW
2026-08-12 03:08:34,RISK_TRANSITION,LOW,Risk changed from NORMAL to LOW
2026-08-12 03:08:37,RISK_TRANSITION,NORMAL,Risk changed from LOW to NORMAL
2026-08-12 03:08:40,RISK_TRANSITION,LOW,Risk changed from NORMAL to LOW
2026-08-12 03:08:42,RISK_TRANSITION,LOW,Risk changed from NORMAL to LOW
2026-08-12 03:08:45,RISK_TRANSITION,LOW,Risk changed from NORMAL to LOW
2026-08-12 03:08:49,RISK_TRANSITION,LOW,Risk changed from NORMAL to LOW
2026-08-12 03:08:55,RISK_TRANSITION,LOW,Risk changed from NORMAL to LOW
2026-08-12 03:08:58,RISK_TRANSITION,LOW,Risk changed from NORMAL to LOW
2026-08-12 03:09:03,RISK_TRANSITION,LOW,Risk changed from NORMAL to LOW
2026-08-12 03:09:06,RISK_TRANSITION,LOW,Risk changed from NORMAL to LOW
2026-08-12 03:09:09,RISK_TRANSITION,LOW,Risk changed from NORMAL to LOW
2026-08-12 03:09:11,RISK_TRANSITION,LOW,Risk changed from NORMAL to LOW
2026-08-12 03:09:14,RISK_TRANSITION,LOW,Risk changed from NORMAL to LOW
2026-08-12 03:09:17,RISK_TRANSITION,LOW,Risk changed from NORMAL to LOW
2026-08-12 03:09:20,RISK_TRANSITION,LOW,Risk changed from NORMAL to LOW
2026-08-12 03:09:22,RISK_TRANSITION,NORMAL,Risk changed from LOW to NORMAL
2026-08-12 03:09:25,YAWNING,MODERATE,Yawning detected
2026-08-12 03:09:26,RISK_TRANSITION,LOW,Risk changed from NORMAL to LOW
2026-08-12 03:09:27,GAZE_AWAY,MODERATE,Prolonged gaze away for 1.1s
2026-08-12 03:09:28,RISK_TRANSITION,MODERATE,Risk changed from LOW to MODERATE
2026-08-12 03:09:30,GAZE_AWAY,MODERATE,Prolonged gaze away for 1.1s
2026-08-12 03:09:31,EYE_CLOSURE,HIGH,Eyes closed for 1.6s
2026-08-12 03:09:31,MICROSLEEP,CRITICAL,Microsleep detected
2026-08-12 03:09:31,INTERVENTION,HIGH,Intervention changed from NORMAL to HIGH
2026-08-12 03:09:32,RISK_TRANSITION,HIGH,Risk changed from MODERATE to HIGH
2026-08-12 03:09:34,RISK_TRANSITION,LOW,Risk changed from NORMAL to LOW
2026-08-12 03:09:37,RISK_TRANSITION,LOW,Risk changed from NORMAL to LOW
2026-08-12 03:09:39,RISK_TRANSITION,NORMAL,Risk changed from LOW to NORMAL
2026-08-12 03:09:43,RISK_TRANSITION,LOW,Risk changed from NORMAL to LOW
2026-08-12 03:09:44,INTERVENTION,NORMAL,Intervention changed from HIGH to NORMAL
2026-08-12 03:09:45,RISK_TRANSITION,LOW,Risk changed from NORMAL to LOW
2026-08-12 03:09:48,RISK_TRANSITION,LOW,Risk changed from NORMAL to LOW
2026-08-12 03:09:50,RISK_TRANSITION,NORMAL,Risk changed from LOW to NORMAL
2026-08-12 03:09:52,RISK_TRANSITION,MODERATE,Risk changed from NORMAL to MODERATE
2026-08-12 03:09:52,GAZE_AWAY,MODERATE,Prolonged gaze away for 1.1s
2026-08-12 03:09:55,RISK_TRANSITION,LOW,Risk changed from NORMAL to LOW
2026-08-12 03:09:57,RISK_TRANSITION,LOW,Risk changed from NORMAL to LOW
2026-08-12 03:09:59,RISK_TRANSITION,NORMAL,Risk changed from LOW to NORMAL
2026-08-12 03:09:59,GAZE_AWAY,MODERATE,Prolonged gaze away for 1.1s
2026-08-12 03:10:01,RISK_TRANSITION,LOW,Risk changed from NORMAL to LOW
2026-08-12 03:10:03,RISK_TRANSITION,NORMAL,Risk changed from LOW to NORMAL
2026-08-12 03:10:06,RISK_TRANSITION,LOW,Risk changed from NORMAL to LOW
2026-08-12 03:10:08,RISK_TRANSITION,LOW,Risk changed from NORMAL to LOW
2026-08-12 03:10:10,RISK_TRANSITION,LOW,Risk changed from NORMAL to LOW
2026-08-12 03:10:13,RISK_TRANSITION,LOW,Risk changed from NORMAL to LOW
2026-08-12 03:10:19,RISK_TRANSITION,LOW,Risk changed from NORMAL to LOW
2026-08-12 03:10:22,RISK_TRANSITION,LOW,Risk changed from NORMAL to LOW
2026-08-12 03:10:29,RISK_TRANSITION,LOW,Risk changed from NORMAL to LOW
2026-08-12 03:10:33,RISK_TRANSITION,LOW,Risk changed from NORMAL to LOW
2026-08-12 03:10:40,RISK_TRANSITION,LOW,Risk changed from NORMAL to LOW
2026-08-12 03:10:45,RISK_TRANSITION,LOW,Risk changed from NORMAL to LOW
2026-08-12 03:10:50,RISK_TRANSITION,LOW,Risk changed from NORMAL to LOW
2026-08-12 03:10:54,RISK_TRANSITION,LOW,Risk changed from NORMAL to LOW
2026-08-12 03:10:56,RISK_TRANSITION,LOW,Risk changed from NORMAL to LOW
2026-08-12 03:11:03,RISK_TRANSITION,LOW,Risk changed from NORMAL to LOW
2026-08-12 03:11:07,RISK_TRANSITION,LOW,Risk changed from NORMAL to LOW
2026-08-12 03:11:09,RISK_TRANSITION,LOW,Risk changed from NORMAL to LOW
2026-08-12 03:11:13,RISK_TRANSITION,LOW,Risk changed from NORMAL to LOW
2026-08-12 03:11:15,RISK_TRANSITION,LOW,Risk changed from NORMAL to LOW
2026-08-12 03:11:17,RISK_TRANSITION,LOW,Risk changed from NORMAL to LOW
2026-08-12 03:11:20,RISK_TRANSITION,LOW,Risk changed from NORMAL to LOW
2026-08-12 03:11:23,RISK_TRANSITION,LOW,Risk changed from NORMAL to LOW
2026-08-12 03:11:29,RISK_TRANSITION,LOW,Risk changed from NORMAL to LOW
2026-08-12 03:11:32,RISK_TRANSITION,LOW,Risk changed from NORMAL to LOW
2026-08-12 03:11:37,RISK_TRANSITION,LOW,Risk changed from NORMAL to LOW
2026-08-12 03:11:45,RISK_TRANSITION,LOW,Risk changed from NORMAL to LOW
2026-08-12 03:11:50,RISK_TRANSITION,LOW,Risk changed from NORMAL to LOW
2026-08-12 03:12:11,RISK_TRANSITION,LOW,Risk changed from NORMAL to LOW
2026-08-12 03:12:14,RISK_TRANSITION,LOW,Risk changed from NORMAL to LOW
2026-08-12 03:12:17,RISK_TRANSITION,LOW,Risk changed from NORMAL to LOW
2026-08-12 03:12:20,RISK_TRANSITION,LOW,Risk changed from NORMAL to LOW
2026-08-12 03:12:23,RISK_TRANSITION,LOW,Risk changed from NORMAL to LOW
2026-08-12 03:12:27,RISK_TRANSITION,LOW,Risk changed from NORMAL to LOW
2026-08-12 03:12:36,RISK_TRANSITION,LOW,Risk changed from NORMAL to LOW
2026-08-12 03:12:43,RISK_TRANSITION,LOW,Risk changed from NORMAL to LOW
2026-08-12 03:12:45,RISK_TRANSITION,LOW,Risk changed from NORMAL to LOW
2026-08-12 03:12:51,RISK_TRANSITION,LOW,Risk changed from NORMAL to LOW
2026-08-12 03:12:58,RISK_TRANSITION,LOW,Risk changed from NORMAL to LOW
2026-08-12 03:13:09,RISK_TRANSITION,LOW,Risk changed from NORMAL to LOW
2026-08-12 03:13:13,RISK_TRANSITION,LOW,Risk changed from NORMAL to LOW
2026-08-12 03:13:20,RISK_TRANSITION,LOW,Risk changed from NORMAL to LOW
2026-08-12 03:13:24,RISK_TRANSITION,LOW,Risk changed from NORMAL to LOW
2026-08-12 03:13:26,RISK_TRANSITION,LOW,Risk changed from NORMAL to LOW
2026-08-12 03:13:30,RISK_TRANSITION,LOW,Risk changed from NORMAL to LOW
2026-08-12 03:13:32,RISK_TRANSITION,NORMAL,Risk changed from LOW to NORMAL
2026-08-12 03:13:38,RISK_TRANSITION,LOW,Risk changed from NORMAL to LOW
2026-08-12 03:13:41,RISK_TRANSITION,LOW,Risk changed from NORMAL to LOW
2026-08-12 03:13:44,RISK_TRANSITION,LOW,Risk changed from NORMAL to LOW
2026-08-12 03:13:47,RISK_TRANSITION,LOW,Risk changed from NORMAL to LOW
2026-08-12 03:13:48,YAWNING,MODERATE,Yawning detected
2026-08-12 03:13:49,GAZE_AWAY,MODERATE,Prolonged gaze away for 1.0s
2026-08-12 03:13:50,RISK_TRANSITION,MODERATE,Risk changed from LOW to MODERATE
2026-08-12 03:13:52,RISK_TRANSITION,LOW,Risk changed from NORMAL to LOW
2026-08-12 03:13:54,RISK_TRANSITION,LOW,Risk changed from NORMAL to LOW
2026-08-12 03:13:57,RISK_TRANSITION,LOW,Risk changed from NORMAL to LOW
2026-08-12 03:14:00,RISK_TRANSITION,LOW,Risk changed from NORMAL to LOW
2026-08-12 03:14:02,RISK_TRANSITION,NORMAL,Risk changed from LOW to NORMAL
2026-08-12 03:14:04,RISK_TRANSITION,LOW,Risk changed from NORMAL to LOW
2026-08-12 03:14:06,GAZE_AWAY,MODERATE,Prolonged gaze away for 1.0s
2026-08-12 03:14:07,RISK_TRANSITION,LOW,Risk changed from NORMAL to LOW
2026-08-12 03:14:09,RISK_TRANSITION,LOW,Risk changed from NORMAL to LOW
2026-08-12 03:14:11,RISK_TRANSITION,LOW,Risk changed from NORMAL to LOW
2026-08-12 03:14:13,RISK_TRANSITION,LOW,Risk changed from NORMAL to LOW
2026-08-12 03:14:18,RISK_TRANSITION,LOW,Risk changed from NORMAL to LOW
2026-08-12 03:14:21,RISK_TRANSITION,LOW,Risk changed from NORMAL to LOW
2026-08-12 03:14:23,RISK_TRANSITION,LOW,Risk changed from NORMAL to LOW
2026-08-12 03:14:26,RISK_TRANSITION,LOW,Risk changed from NORMAL to LOW
2026-08-12 03:14:27,GAZE_AWAY,MODERATE,Prolonged gaze away for 1.1s
2026-08-12 03:14:29,RISK_TRANSITION,LOW,Risk changed from NORMAL to LOW
2026-08-12 03:14:31,RISK_TRANSITION,LOW,Risk changed from NORMAL to LOW
2026-08-12 03:14:34,RISK_TRANSITION,LOW,Risk changed from NORMAL to LOW
2026-08-12 03:14:36,RISK_TRANSITION,NORMAL,Risk changed from LOW to NORMAL
2026-08-12 03:14:38,RISK_TRANSITION,LOW,Risk changed from NORMAL to LOW
2026-08-12 03:14:42,RISK_TRANSITION,LOW,Risk changed from NORMAL to LOW
2026-08-12 03:14:46,RISK_TRANSITION,LOW,Risk changed from NORMAL to LOW
2026-08-12 03:14:49,RISK_TRANSITION,LOW,Risk changed from NORMAL to LOW
2026-08-12 03:14:52,RISK_TRANSITION,LOW,Risk changed from NORMAL to LOW
2026-08-12 03:14:54,RISK_TRANSITION,LOW,Risk changed from NORMAL to LOW
2026-08-12 03:15:06,RISK_TRANSITION,LOW,Risk changed from NORMAL to LOW
2026-08-12 03:15:09,RISK_TRANSITION,LOW,Risk changed from NORMAL to LOW
2026-08-12 03:15:14,RISK_TRANSITION,LOW,Risk changed from NORMAL to LOW
2026-08-12 03:15:18,RISK_TRANSITION,LOW,Risk changed from NORMAL to LOW
2026-08-12 03:15:20,GAZE_AWAY,MODERATE,Prolonged gaze away for 1.0s
2026-08-12 03:15:20,RISK_TRANSITION,NORMAL,Risk changed from LOW to NORMAL
2026-08-12 03:15:22,INTERVENTION,LOW,Intervention changed from NORMAL to LOW
2026-08-12 03:15:23,RISK_TRANSITION,MODERATE,Risk changed from LOW to MODERATE
2026-08-12 03:15:25,RISK_TRANSITION,LOW,Risk changed from NORMAL to LOW
2026-08-12 03:15:26,GAZE_AWAY,MODERATE,Prolonged gaze away for 1.0s
2026-08-12 03:15:28,GAZE_AWAY,MODERATE,Prolonged gaze away for 1.0s
2026-08-12 03:15:28,RISK_TRANSITION,NORMAL,Risk changed from LOW to NORMAL
2026-08-12 03:15:30,RISK_TRANSITION,LOW,Risk changed from MODERATE to LOW
2026-08-12 03:15:33,RISK_TRANSITION,MODERATE,Risk changed from LOW to MODERATE
2026-08-12 03:15:34,GAZE_AWAY,MODERATE,Prolonged gaze away for 1.1s
2026-08-12 03:15:35,RISK_TRANSITION,LOW,Risk changed from MODERATE to LOW
2026-08-12 03:15:37,RISK_TRANSITION,LOW,Risk changed from MODERATE to LOW
2026-08-12 03:15:40,INTERVENTION,NORMAL,Intervention changed from LOW to NORMAL
2026-08-12 03:15:40,RISK_TRANSITION,LOW,Risk changed from NORMAL to LOW
2026-08-12 03:15:43,RISK_TRANSITION,NORMAL,Risk changed from LOW to NORMAL
2026-08-12 03:15:45,RISK_TRANSITION,MODERATE,Risk changed from LOW to MODERATE
2026-08-12 03:15:47,RISK_TRANSITION,NORMAL,Risk changed from LOW to NORMAL
2026-08-12 03:15:50,RISK_TRANSITION,LOW,Risk changed from NORMAL to LOW
2026-08-12 03:15:52,GAZE_AWAY,MODERATE,Prolonged gaze away for 1.1s
2026-08-12 03:15:52,RISK_TRANSITION,NORMAL,Risk changed from MODERATE to NORMAL
2026-08-12 03:15:55,RISK_TRANSITION,LOW,Risk changed from NORMAL to LOW
2026-08-12 03:15:57,RISK_TRANSITION,LOW,Risk changed from NORMAL to LOW
2026-08-12 03:15:59,INTERVENTION,LOW,Intervention changed from NORMAL to LOW
2026-08-12 03:16:00,RISK_TRANSITION,MODERATE,Risk changed from LOW to MODERATE
2026-08-12 03:16:02,RISK_TRANSITION,LOW,Risk changed from MODERATE to LOW
2026-08-12 03:16:04,RISK_TRANSITION,LOW,Risk changed from MODERATE to LOW
2026-08-12 03:16:05,GAZE_AWAY,MODERATE,Prolonged gaze away for 1.1s
2026-08-12 03:16:07,RISK_TRANSITION,MODERATE,Risk changed from LOW to MODERATE
2026-08-12 03:16:09,RISK_TRANSITION,MODERATE,Risk changed from LOW to MODERATE
2026-08-12 03:16:10,GAZE_AWAY,MODERATE,Prolonged gaze away for 1.0s
2026-08-12 03:16:12,INTERVENTION,MODERATE,Intervention changed from LOW to MODERATE
2026-08-12 03:16:13,GAZE_AWAY,MODERATE,Prolonged gaze away for 1.1s
2026-08-12 03:16:13,RISK_TRANSITION,LOW,Risk changed from MODERATE to LOW
2026-08-12 03:16:15,RISK_TRANSITION,MODERATE,Risk changed from LOW to MODERATE
2026-08-12 03:16:18,EYE_CLOSURE,HIGH,Eyes closed for 1.7s
2026-08-12 03:16:18,MICROSLEEP,CRITICAL,Microsleep detected
2026-08-12 03:16:18,INTERVENTION,HIGH,Intervention changed from MODERATE to HIGH
2026-08-12 03:16:18,RISK_TRANSITION,HIGH,Risk changed from MODERATE to HIGH
2026-08-12 03:16:20,RISK_TRANSITION,MODERATE,Risk changed from LOW to MODERATE
2026-08-12 03:16:22,INTERVENTION,MODERATE,Intervention changed from HIGH to MODERATE
2026-08-12 03:16:23,GAZE_AWAY,MODERATE,Prolonged gaze away for 1.0s
2026-08-12 03:16:24,RISK_TRANSITION,LOW,Risk changed from MODERATE to LOW
2026-08-12 03:16:27,RISK_TRANSITION,MODERATE,Risk changed from LOW to MODERATE
2026-08-12 03:16:30,RISK_TRANSITION,LOW,Risk changed from MODERATE to LOW
2026-08-12 03:16:32,RISK_TRANSITION,MODERATE,Risk changed from LOW to MODERATE
2026-08-12 03:16:34,RISK_TRANSITION,LOW,Risk changed from MODERATE to LOW
2026-08-12 03:16:36,RISK_TRANSITION,MODERATE,Risk changed from LOW to MODERATE
2026-08-12 03:16:38,RISK_TRANSITION,MODERATE,Risk changed from LOW to MODERATE
2026-08-12 03:16:40,RISK_TRANSITION,MODERATE,Risk changed from LOW to MODERATE
2026-08-12 03:16:42,INTERVENTION,NORMAL,Intervention changed from MODERATE to NORMAL
2026-08-12 03:16:42,RISK_TRANSITION,MODERATE,Risk changed from NORMAL to MODERATE
2026-08-12 03:16:47,RISK_TRANSITION,LOW,Risk changed from NORMAL to LOW
2026-08-12 03:16:50,RISK_TRANSITION,LOW,Risk changed from NORMAL to LOW
2026-08-12 03:16:52,RISK_TRANSITION,LOW,Risk changed from NORMAL to LOW
2026-08-12 03:16:56,RISK_TRANSITION,LOW,Risk changed from NORMAL to LOW
2026-08-12 03:16:56,GAZE_AWAY,MODERATE,Prolonged gaze away for 1.0s
2026-08-12 03:16:59,GAZE_AWAY,MODERATE,Prolonged gaze away for 1.0s
2026-08-12 03:17:00,RISK_TRANSITION,LOW,Risk changed from NORMAL to LOW
2026-08-12 03:17:03,RISK_TRANSITION,LOW,Risk changed from NORMAL to LOW
2026-08-12 03:17:05,RISK_TRANSITION,LOW,Risk changed from NORMAL to LOW
2026-08-12 03:17:07,RISK_TRANSITION,LOW,Risk changed from NORMAL to LOW
2026-08-12 03:17:09,GAZE_AWAY,MODERATE,Prolonged gaze away for 1.1s
2026-08-12 03:17:09,RISK_TRANSITION,LOW,Risk changed from NORMAL to LOW
2026-08-12 03:17:16,RISK_TRANSITION,LOW,Risk changed from NORMAL to LOW
2026-08-12 03:17:20,RISK_TRANSITION,LOW,Risk changed from NORMAL to LOW
2026-08-12 03:17:35,RISK_TRANSITION,LOW,Risk changed from NORMAL to LOW
2026-08-12 03:18:10,RISK_TRANSITION,LOW,Risk changed from NORMAL to LOW
2026-08-12 03:18:14,RISK_TRANSITION,LOW,Risk changed from NORMAL to LOW
2026-08-12 03:18:18,RISK_TRANSITION,LOW,Risk changed from NORMAL to LOW
2026-08-12 03:18:33,RISK_TRANSITION,LOW,Risk changed from NORMAL to LOW
2026-08-12 03:18:34,GAZE_AWAY,MODERATE,Prolonged gaze away for 1.0s
2026-08-12 03:18:40,RISK_TRANSITION,LOW,Risk changed from NORMAL to LOW
2026-08-12 03:18:42,RISK_TRANSITION,NORMAL,Risk changed from LOW to NORMAL
2026-08-12 03:18:45,RISK_TRANSITION,LOW,Risk changed from NORMAL to LOW
2026-08-12 03:18:54,RISK_TRANSITION,LOW,Risk changed from NORMAL to LOW
2026-08-12 03:19:01,RISK_TRANSITION,LOW,Risk changed from NORMAL to LOW
2026-08-12 03:19:03,RISK_TRANSITION,NORMAL,Risk changed from LOW to NORMAL
2026-08-12 03:19:05,RISK_TRANSITION,LOW,Risk changed from NORMAL to LOW
2026-08-12 03:19:07,RISK_TRANSITION,LOW,Risk changed from NORMAL to LOW
2026-08-12 03:19:10,RISK_TRANSITION,LOW,Risk changed from NORMAL to LOW
2026-08-12 03:19:12,RISK_TRANSITION,LOW,Risk changed from NORMAL to LOW
2026-08-12 03:19:25,GAZE_AWAY,MODERATE,Prolonged gaze away for 9.8s
2026-08-12 03:19:25,RISK_TRANSITION,LOW,Risk changed from NORMAL to LOW
2026-08-12 03:19:27,RISK_TRANSITION,NORMAL,Risk changed from LOW to NORMAL
2026-08-12 03:19:29,RISK_TRANSITION,NORMAL,Risk changed from LOW to NORMAL
2026-08-12 03:19:31,RISK_TRANSITION,LOW,Risk changed from NORMAL to LOW
2026-08-12 03:19:34,RISK_TRANSITION,LOW,Risk changed from NORMAL to LOW
2026-08-12 03:19:37,RISK_TRANSITION,NORMAL,Risk changed from LOW to NORMAL
2026-08-12 03:19:40,RISK_TRANSITION,LOW,Risk changed from NORMAL to LOW
2026-08-12 03:19:42,RISK_TRANSITION,LOW,Risk changed from NORMAL to LOW
2026-08-12 03:19:46,RISK_TRANSITION,LOW,Risk changed from NORMAL to LOW
2026-08-12 03:19:49,RISK_TRANSITION,LOW,Risk changed from NORMAL to LOW
2026-08-12 03:19:51,RISK_TRANSITION,LOW,Risk changed from NORMAL to LOW
2026-08-12 03:20:00,RISK_TRANSITION,LOW,Risk changed from NORMAL to LOW
2026-08-12 03:20:03,RISK_TRANSITION,LOW,Risk changed from NORMAL to LOW
2026-08-12 03:20:07,RISK_TRANSITION,LOW,Risk changed from NORMAL to LOW
2026-08-12 03:20:10,RISK_TRANSITION,LOW,Risk changed from NORMAL to LOW
2026-08-12 03:20:13,RISK_TRANSITION,LOW,Risk changed from NORMAL to LOW
2026-08-12 03:20:19,RISK_TRANSITION,LOW,Risk changed from NORMAL to LOW
2026-08-12 03:20:21,RISK_TRANSITION,LOW,Risk changed from NORMAL to LOW
2026-08-12 03:20:25,RISK_TRANSITION,LOW,Risk changed from NORMAL to LOW
2026-08-12 03:20:28,RISK_TRANSITION,LOW,Risk changed from NORMAL to LOW
2026-08-12 03:20:34,RISK_TRANSITION,LOW,Risk changed from NORMAL to LOW
2026-08-12 03:20:41,RISK_TRANSITION,LOW,Risk changed from NORMAL to LOW
2026-08-12 03:20:45,RISK_TRANSITION,LOW,Risk changed from NORMAL to LOW
2026-08-12 03:20:48,YAWNING,MODERATE,Yawning detected
2026-08-12 03:20:52,RISK_TRANSITION,LOW,Risk changed from NORMAL to LOW
2026-08-12 03:21:09,RISK_TRANSITION,LOW,Risk changed from NORMAL to LOW
2026-08-12 03:21:12,RISK_TRANSITION,LOW,Risk changed from NORMAL to LOW
2026-08-12 03:21:15,RISK_TRANSITION,LOW,Risk changed from NORMAL to LOW
2026-08-12 03:21:19,RISK_TRANSITION,LOW,Risk changed from NORMAL to LOW
2026-08-12 03:21:21,RISK_TRANSITION,LOW,Risk changed from NORMAL to LOW
2026-08-12 03:21:24,RISK_TRANSITION,LOW,Risk changed from NORMAL to LOW
2026-08-12 03:21:27,RISK_TRANSITION,LOW,Risk changed from NORMAL to LOW
2026-08-12 03:21:29,RISK_TRANSITION,LOW,Risk changed from NORMAL to LOW
2026-08-12 03:21:32,RISK_TRANSITION,LOW,Risk changed from NORMAL to LOW
2026-08-12 03:21:35,RISK_TRANSITION,LOW,Risk changed from NORMAL to LOW
2026-08-12 03:21:37,RISK_TRANSITION,LOW,Risk changed from NORMAL to LOW
2026-08-12 03:21:39,RISK_TRANSITION,LOW,Risk changed from NORMAL to LOW
2026-08-12 03:21:42,RISK_TRANSITION,LOW,Risk changed from NORMAL to LOW
2026-08-12 03:21:46,RISK_TRANSITION,LOW,Risk changed from NORMAL to LOW
2026-08-12 03:22:05,RISK_TRANSITION,LOW,Risk changed from NORMAL to LOW
2026-08-12 03:22:11,RISK_TRANSITION,LOW,Risk changed from NORMAL to LOW
2026-08-12 03:22:26,RISK_TRANSITION,LOW,Risk changed from NORMAL to LOW
2026-08-12 03:22:31,RISK_TRANSITION,LOW,Risk changed from NORMAL to LOW
2026-08-12 03:22:40,RISK_TRANSITION,LOW,Risk changed from NORMAL to LOW
2026-08-12 03:22:43,RISK_TRANSITION,LOW,Risk changed from NORMAL to LOW
2026-08-12 03:22:50,RISK_TRANSITION,LOW,Risk changed from NORMAL to LOW
2026-08-12 03:22:53,RISK_TRANSITION,LOW,Risk changed from NORMAL to LOW
2026-08-12 03:22:56,RISK_TRANSITION,LOW,Risk changed from NORMAL to LOW
2026-08-12 03:22:58,RISK_TRANSITION,LOW,Risk changed from NORMAL to LOW
2026-08-12 03:23:04,RISK_TRANSITION,LOW,Risk changed from NORMAL to LOW
2026-08-12 03:23:06,RISK_TRANSITION,LOW,Risk changed from NORMAL to LOW
2026-08-12 03:23:25,RISK_TRANSITION,LOW,Risk changed from NORMAL to LOW
2026-08-12 03:23:33,RISK_TRANSITION,LOW,Risk changed from NORMAL to LOW
2026-08-12 03:23:36,RISK_TRANSITION,LOW,Risk changed from NORMAL to LOW
2026-08-12 03:23:38,RISK_TRANSITION,LOW,Risk changed from NORMAL to LOW
2026-08-12 03:23:45,RISK_TRANSITION,LOW,Risk changed from NORMAL to LOW
2026-08-12 03:23:54,RISK_TRANSITION,LOW,Risk changed from NORMAL to LOW
2026-08-12 03:24:03,RISK_TRANSITION,LOW,Risk changed from NORMAL to LOW
2026-08-12 03:24:10,RISK_TRANSITION,LOW,Risk changed from NORMAL to LOW
2026-08-12 03:24:13,RISK_TRANSITION,LOW,Risk changed from NORMAL to LOW
2026-08-12 03:24:21,RISK_TRANSITION,LOW,Risk changed from NORMAL to LOW
2026-08-12 03:24:27,RISK_TRANSITION,LOW,Risk changed from NORMAL to LOW
2026-08-12 03:24:35,RISK_TRANSITION,LOW,Risk changed from NORMAL to LOW
2026-08-12 03:24:41,RISK_TRANSITION,LOW,Risk changed from NORMAL to LOW
2026-08-12 03:24:44,RISK_TRANSITION,LOW,Risk changed from NORMAL to LOW
2026-08-12 03:24:49,RISK_TRANSITION,LOW,Risk changed from NORMAL to LOW
2026-08-12 03:24:55,RISK_TRANSITION,LOW,Risk changed from NORMAL to LOW
2026-08-12 03:24:59,RISK_TRANSITION,LOW,Risk changed from NORMAL to LOW
2026-08-12 03:25:05,RISK_TRANSITION,LOW,Risk changed from NORMAL to LOW
2026-08-12 03:25:09,RISK_TRANSITION,LOW,Risk changed from NORMAL to LOW
2026-08-12 03:25:13,RISK_TRANSITION,LOW,Risk changed from NORMAL to LOW
2026-08-12 03:25:24,RISK_TRANSITION,LOW,Risk changed from NORMAL to LOW
2026-08-12 03:25:34,RISK_TRANSITION,LOW,Risk changed from NORMAL to LOW
2026-08-12 03:25:43,RISK_TRANSITION,LOW,Risk changed from NORMAL to LOW
2026-08-12 03:25:46,RISK_TRANSITION,LOW,Risk changed from NORMAL to LOW
2026-08-12 03:25:48,RISK_TRANSITION,LOW,Risk changed from NORMAL to LOW
2026-08-12 03:25:53,RISK_TRANSITION,LOW,Risk changed from NORMAL to LOW
2026-08-12 03:25:57,RISK_TRANSITION,LOW,Risk changed from NORMAL to LOW
2026-08-12 03:26:02,RISK_TRANSITION,LOW,Risk changed from NORMAL to LOW
2026-08-12 03:26:05,RISK_TRANSITION,LOW,Risk changed from NORMAL to LOW
2026-08-12 03:26:07,RISK_TRANSITION,LOW,Risk changed from NORMAL to LOW
2026-08-12 03:26:11,RISK_TRANSITION,LOW,Risk changed from NORMAL to LOW
2026-08-12 03:26:20,RISK_TRANSITION,LOW,Risk changed from NORMAL to LOW
2026-08-12 03:26:28,RISK_TRANSITION,LOW,Risk changed from NORMAL to LOW
2026-08-12 03:26:33,RISK_TRANSITION,LOW,Risk changed from NORMAL to LOW
2026-08-12 03:26:38,RISK_TRANSITION,LOW,Risk changed from NORMAL to LOW
2026-08-12 03:26:41,RISK_TRANSITION,LOW,Risk changed from NORMAL to LOW
2026-08-12 03:26:43,RISK_TRANSITION,LOW,Risk changed from NORMAL to LOW
2026-08-12 03:26:46,RISK_TRANSITION,LOW,Risk changed from NORMAL to LOW
2026-08-12 03:26:49,RISK_TRANSITION,LOW,Risk changed from NORMAL to LOW
2026-08-12 03:26:52,RISK_TRANSITION,LOW,Risk changed from NORMAL to LOW
2026-08-12 03:27:06,RISK_TRANSITION,LOW,Risk changed from NORMAL to LOW
2026-08-12 03:27:10,RISK_TRANSITION,LOW,Risk changed from NORMAL to LOW
2026-08-12 03:27:13,RISK_TRANSITION,LOW,Risk changed from NORMAL to LOW
2026-08-12 03:27:17,RISK_TRANSITION,LOW,Risk changed from NORMAL to LOW
2026-08-12 03:27:19,RISK_TRANSITION,LOW,Risk changed from NORMAL to LOW
2026-08-12 03:27:27,RISK_TRANSITION,LOW,Risk changed from NORMAL to LOW
2026-08-12 03:27:30,RISK_TRANSITION,LOW,Risk changed from NORMAL to LOW
2026-08-12 03:27:39,RISK_TRANSITION,LOW,Risk changed from NORMAL to LOW
2026-08-12 03:27:45,RISK_TRANSITION,LOW,Risk changed from NORMAL to LOW
2026-08-12 03:27:50,RISK_TRANSITION,LOW,Risk changed from NORMAL to LOW
2026-08-12 03:27:56,RISK_TRANSITION,LOW,Risk changed from NORMAL to LOW
2026-08-12 03:28:03,RISK_TRANSITION,LOW,Risk changed from NORMAL to LOW
2026-08-12 03:28:07,RISK_TRANSITION,LOW,Risk changed from NORMAL to LOW
2026-08-12 03:28:11,RISK_TRANSITION,LOW,Risk changed from NORMAL to LOW
2026-08-12 03:28:17,RISK_TRANSITION,LOW,Risk changed from NORMAL to LOW
2026-08-12 03:28:21,RISK_TRANSITION,LOW,Risk changed from NORMAL to LOW
2026-08-12 03:28:30,RISK_TRANSITION,LOW,Risk changed from NORMAL to LOW
2026-08-12 03:28:36,RISK_TRANSITION,LOW,Risk changed from NORMAL to LOW
2026-08-12 03:28:43,RISK_TRANSITION,LOW,Risk changed from NORMAL to LOW
2026-08-12 03:28:46,RISK_TRANSITION,LOW,Risk changed from NORMAL to LOW
2026-08-12 03:28:50,RISK_TRANSITION,LOW,Risk changed from NORMAL to LOW
2026-08-12 03:28:52,RISK_TRANSITION,LOW,Risk changed from NORMAL to LOW
2026-08-12 03:28:54,RISK_TRANSITION,NORMAL,Risk changed from LOW to NORMAL
2026-08-12 03:28:55,GAZE_AWAY,MODERATE,Prolonged gaze away for 1.0s
2026-08-12 03:29:07,RISK_TRANSITION,LOW,Risk changed from NORMAL to LOW
2026-08-12 03:29:19,RISK_TRANSITION,LOW,Risk changed from NORMAL to LOW
2026-08-12 03:29:23,RISK_TRANSITION,LOW,Risk changed from NORMAL to LOW
2026-08-12 03:29:33,RISK_TRANSITION,LOW,Risk changed from NORMAL to LOW
2026-08-12 03:29:36,RISK_TRANSITION,LOW,Risk changed from NORMAL to LOW
2026-08-12 03:29:41,RISK_TRANSITION,LOW,Risk changed from NORMAL to LOW
2026-08-12 03:29:43,RISK_TRANSITION,LOW,Risk changed from NORMAL to LOW
2026-08-12 03:29:47,RISK_TRANSITION,LOW,Risk changed from NORMAL to LOW
2026-08-12 03:30:02,RISK_TRANSITION,LOW,Risk changed from NORMAL to LOW
2026-08-12 03:30:04,RISK_TRANSITION,LOW,Risk changed from NORMAL to LOW
2026-08-12 03:30:16,RISK_TRANSITION,LOW,Risk changed from NORMAL to LOW
2026-08-12 03:30:18,RISK_TRANSITION,LOW,Risk changed from NORMAL to LOW
2026-08-12 03:30:21,RISK_TRANSITION,LOW,Risk changed from NORMAL to LOW
2026-08-12 03:30:25,RISK_TRANSITION,LOW,Risk changed from NORMAL to LOW
2026-08-12 03:30:28,RISK_TRANSITION,LOW,Risk changed from NORMAL to LOW
2026-08-12 03:30:31,RISK_TRANSITION,LOW,Risk changed from NORMAL to LOW
2026-08-12 03:30:33,RISK_TRANSITION,LOW,Risk changed from NORMAL to LOW
2026-08-12 03:30:35,RISK_TRANSITION,NORMAL,Risk changed from LOW to NORMAL
2026-08-12 03:30:36,GAZE_AWAY,MODERATE,Prolonged gaze away for 1.1s
2026-08-12 03:30:36,EYE_CLOSURE,HIGH,Eyes closed for 1.5s
2026-08-12 03:30:36,MICROSLEEP,CRITICAL,Microsleep detected
2026-08-12 03:30:36,INTERVENTION,HIGH,Intervention changed from NORMAL to HIGH
2026-08-12 03:30:38,RISK_TRANSITION,HIGH,Risk changed from MODERATE to HIGH
2026-08-12 03:30:40,RISK_TRANSITION,MODERATE,Risk changed from HIGH to MODERATE
2026-08-12 03:30:45,RISK_TRANSITION,MODERATE,Risk changed from HIGH to MODERATE
2026-08-12 03:30:47,EYE_CLOSURE,HIGH,Eyes closed for 1.9s
2026-08-12 03:30:47,MICROSLEEP,CRITICAL,Microsleep detected
2026-08-12 03:30:48,RISK_TRANSITION,CRITICAL,Risk changed from HIGH to CRITICAL
2026-08-12 03:30:50,RISK_TRANSITION,MODERATE,Risk changed from LOW to MODERATE
2026-08-12 03:30:52,INTERVENTION,LOW,Intervention changed from HIGH to LOW
2026-08-12 03:30:53,RISK_TRANSITION,MODERATE,Risk changed from LOW to MODERATE
2026-08-12 03:30:54,YAWNING,MODERATE,Yawning detected
2026-08-12 03:30:56,RISK_TRANSITION,MODERATE,Risk changed from LOW to MODERATE
2026-08-12 03:30:56,YAWNING,MODERATE,Yawning detected
2026-08-12 03:30:58,RISK_TRANSITION,LOW,Risk changed from MODERATE to LOW
2026-08-12 03:31:00,RISK_TRANSITION,MODERATE,Risk changed from LOW to MODERATE
2026-08-12 03:31:03,RISK_TRANSITION,MODERATE,Risk changed from LOW to MODERATE
2026-08-20 22:49:43,RISK_TRANSITION,LOW,Risk changed from NORMAL to LOW
2026-08-20 22:49:45,YAWNING,MODERATE,Yawning detected
2026-08-20 22:49:46,RISK_TRANSITION,LOW,Risk changed from NORMAL to LOW
2026-08-20 22:49:47,GAZE_AWAY,MODERATE,Prolonged gaze away for 1.0s
2026-08-20 22:49:48,EYE_CLOSURE,HIGH,Eyes closed for 1.5s
2026-08-20 22:49:48,MICROSLEEP,CRITICAL,Microsleep detected
2026-08-20 22:49:48,INTERVENTION,HIGH,Intervention changed from NORMAL to HIGH
2026-08-20 22:49:49,RISK_TRANSITION,MODERATE,Risk changed from LOW to MODERATE
2026-08-20 22:49:50,INTERVENTION,NORMAL,Intervention changed from HIGH to NORMAL
2026-08-20 22:49:58,RISK_TRANSITION,LOW,Risk changed from NORMAL to LOW
2026-08-20 22:50:23,RISK_TRANSITION,LOW,Risk changed from NORMAL to LOW
2026-08-20 22:50:25,RISK_TRANSITION,LOW,Risk changed from NORMAL to LOW
2026-08-20 22:51:53,RISK_TRANSITION,LOW,Risk changed from NORMAL to LOW
2026-08-20 22:51:57,RISK_TRANSITION,LOW,Risk changed from NORMAL to LOW
2026-08-20 22:51:58,GAZE_AWAY,MODERATE,Prolonged gaze away for 1.1s
2026-08-20 22:51:58,EYE_CLOSURE,HIGH,Eyes closed for 1.5s
2026-08-20 22:51:58,MICROSLEEP,CRITICAL,Microsleep detected
2026-08-20 22:51:58,INTERVENTION,HIGH,Intervention changed from NORMAL to HIGH
2026-08-20 22:51:59,RISK_TRANSITION,HIGH,Risk changed from MODERATE to HIGH
2026-08-20 22:52:03,RISK_TRANSITION,MODERATE,Risk changed from HIGH to MODERATE
2026-08-20 22:52:04,INTERVENTION,LOW,Intervention changed from HIGH to LOW
2026-08-20 22:52:08,RISK_TRANSITION,NORMAL,Risk changed from LOW to NORMAL
2026-08-20 22:52:10,INTERVENTION,NORMAL,Intervention changed from LOW to NORMAL
2026-08-20 22:52:11,RISK_TRANSITION,LOW,Risk changed from NORMAL to LOW
2026-08-20 22:52:12,GAZE_AWAY,MODERATE,Prolonged gaze away for 1.0s
2026-08-20 22:52:13,RISK_TRANSITION,LOW,Risk changed from NORMAL to LOW
2026-08-20 22:52:15,GAZE_AWAY,MODERATE,Prolonged gaze away for 1.1s
2026-08-20 22:52:18,RISK_TRANSITION,LOW,Risk changed from NORMAL to LOW
2026-08-20 22:52:22,GAZE_AWAY,MODERATE,Prolonged gaze away for 1.1s
2026-08-20 22:52:22,RISK_TRANSITION,LOW,Risk changed from NORMAL to LOW
2026-08-20 22:52:24,INTERVENTION,LOW,Intervention changed from NORMAL to LOW
2026-08-20 22:52:24,RISK_TRANSITION,MODERATE,Risk changed from LOW to MODERATE
2026-08-20 22:52:26,GAZE_AWAY,MODERATE,Prolonged gaze away for 1.0s
2026-08-20 22:52:27,RISK_TRANSITION,LOW,Risk changed from NORMAL to LOW
2026-08-20 22:52:28,INTERVENTION,NORMAL,Intervention changed from LOW to NORMAL
2026-08-20 22:52:29,GAZE_AWAY,MODERATE,Prolonged gaze away for 1.1s
2026-08-20 22:52:34,RISK_TRANSITION,LOW,Risk changed from NORMAL to LOW
2026-08-20 22:52:35,GAZE_AWAY,MODERATE,Prolonged gaze away for 1.0s
2026-08-20 22:52:36,RISK_TRANSITION,LOW,Risk changed from NORMAL to LOW
2026-08-20 22:52:38,RISK_TRANSITION,NORMAL,Risk changed from LOW to NORMAL
2026-08-20 22:52:39,GAZE_AWAY,MODERATE,Prolonged gaze away for 1.1s
2026-08-20 23:10:51,RISK_TRANSITION,MODERATE,Risk changed from LOW to MODERATE
2026-08-20 23:10:52,GAZE_AWAY,MODERATE,Prolonged gaze away for 1.0s
2026-08-20 23:10:53,INTERVENTION,LOW,Intervention changed from NORMAL to LOW
2026-08-20 23:10:54,RISK_TRANSITION,MODERATE,Risk changed from LOW to MODERATE
2026-08-20 23:10:55,GAZE_AWAY,MODERATE,Prolonged gaze away for 1.0s
2026-08-20 23:10:57,INTERVENTION,NORMAL,Intervention changed from LOW to NORMAL
2026-08-20 23:10:58,RISK_TRANSITION,LOW,Risk changed from NORMAL to LOW
2026-08-20 23:11:00,RISK_TRANSITION,LOW,Risk changed from NORMAL to LOW
2026-08-20 23:11:00,GAZE_AWAY,MODERATE,Prolonged gaze away for 1.0s
2026-08-20 23:11:03,INTERVENTION,MODERATE,Intervention changed from NORMAL to MODERATE
2026-08-20 23:11:04,RISK_TRANSITION,LOW,Risk changed from MODERATE to LOW
2026-08-20 23:11:07,RISK_TRANSITION,NORMAL,Risk changed from LOW to NORMAL
2026-08-20 23:11:07,GAZE_AWAY,MODERATE,Prolonged gaze away for 1.0s
2026-08-20 23:11:09,GAZE_AWAY,MODERATE,Prolonged gaze away for 1.4s
2026-08-20 23:11:09,RISK_TRANSITION,MODERATE,Risk changed from LOW to MODERATE
2026-08-20 23:11:12,INTERVENTION,NORMAL,Intervention changed from MODERATE to NORMAL
2026-08-20 23:11:18,RISK_TRANSITION,LOW,Risk changed from NORMAL to LOW
2026-08-20 23:11:23,RISK_TRANSITION,LOW,Risk changed from NORMAL to LOW
2026-08-20 23:12:43,RISK_TRANSITION,NORMAL,Risk changed from LOW to NORMAL
2026-08-20 23:12:54,RISK_TRANSITION,LOW,Risk changed from NORMAL to LOW
2026-08-20 23:18:42,RISK_TRANSITION,LOW,Risk changed from NORMAL to LOW
2026-08-20 23:18:49,RISK_TRANSITION,LOW,Risk changed from NORMAL to LOW
2026-08-20 23:41:27,RISK_TRANSITION,LOW,Risk changed from NORMAL to LOW
2026-08-20 23:41:30,RISK_TRANSITION,LOW,Risk changed from NORMAL to LOW
2026-08-20 23:41:31,GAZE_AWAY,MODERATE,Prolonged gaze away for 1.0s
2026-08-20 23:41:31,EYE_CLOSURE,HIGH,Eyes closed for 1.5s
2026-08-20 23:41:31,MICROSLEEP,CRITICAL,Microsleep detected
2026-08-20 23:41:31,INTERVENTION,HIGH,Intervention changed from NORMAL to HIGH
2026-08-20 23:41:32,RISK_TRANSITION,MODERATE,Risk changed from LOW to MODERATE
2026-08-20 23:41:38,RISK_TRANSITION,LOW,Risk changed from MODERATE to LOW
2026-08-20 23:41:40,INTERVENTION,NORMAL,Intervention changed from HIGH to NORMAL
2026-08-20 23:41:42,RISK_TRANSITION,LOW,Risk changed from NORMAL to LOW
2026-08-20 23:41:44,RISK_TRANSITION,LOW,Risk changed from NORMAL to LOW
2026-08-20 23:41:49,RISK_TRANSITION,LOW,Risk changed from NORMAL to LOW
2026-08-20 23:41:53,RISK_TRANSITION,LOW,Risk changed from NORMAL to LOW
2026-08-20 23:41:55,RISK_TRANSITION,NORMAL,Risk changed from LOW to NORMAL
2026-08-20 23:41:58,RISK_TRANSITION,LOW,Risk changed from NORMAL to LOW
2026-08-20 23:42:03,RISK_TRANSITION,LOW,Risk changed from NORMAL to LOW
2026-08-20 23:42:15,RISK_TRANSITION,LOW,Risk changed from NORMAL to LOW
2026-08-20 23:42:19,RISK_TRANSITION,LOW,Risk changed from NORMAL to LOW
2026-08-21 00:22:50,RISK_TRANSITION,LOW,Risk changed from NORMAL to LOW
2026-08-21 00:23:07,RISK_TRANSITION,LOW,Risk changed from NORMAL to LOW
2026-08-21 00:23:08,GAZE_AWAY,MODERATE,Prolonged gaze away for 1.0s
2026-08-21 00:23:09,EYE_CLOSURE,HIGH,Eyes closed for 1.6s
2026-08-21 00:23:09,MICROSLEEP,CRITICAL,Microsleep detected
2026-08-21 00:23:09,INTERVENTION,HIGH,Intervention changed from NORMAL to HIGH
2026-08-21 00:23:10,RISK_TRANSITION,NORMAL,Risk changed from MODERATE to NORMAL
2026-08-21 00:23:13,INTERVENTION,NORMAL,Intervention changed from HIGH to NORMAL
2026-08-21 00:27:17,RISK_TRANSITION,LOW,Risk changed from NORMAL to LOW
2026-08-21 00:27:19,RISK_TRANSITION,LOW,Risk changed from NORMAL to LOW
2026-08-21 00:27:23,RISK_TRANSITION,LOW,Risk changed from NORMAL to LOW
2026-08-21 00:27:24,GAZE_AWAY,MODERATE,Prolonged gaze away for 1.0s
2026-08-21 00:27:25,EYE_CLOSURE,HIGH,Eyes closed for 1.6s
2026-08-21 00:27:25,MICROSLEEP,CRITICAL,Microsleep detected
2026-08-21 00:27:25,INTERVENTION,HIGH,Intervention changed from NORMAL to HIGH
2026-08-21 00:27:26,RISK_TRANSITION,LOW,Risk changed from MODERATE to LOW
2026-08-21 00:27:28,INTERVENTION,NORMAL,Intervention changed from HIGH to NORMAL
2026-08-21 00:27:32,RISK_TRANSITION,LOW,Risk changed from NORMAL to LOW
2026-08-21 00:27:33,GAZE_AWAY,MODERATE,Prolonged gaze away for 1.0s
2026-08-21 00:27:34,RISK_TRANSITION,LOW,Risk changed from NORMAL to LOW
2026-08-21 00:27:37,INTERVENTION,LOW,Intervention changed from NORMAL to LOW
2026-08-21 00:27:38,RISK_TRANSITION,NORMAL,Risk changed from LOW to NORMAL
2026-08-21 00:27:40,INTERVENTION,NORMAL,Intervention changed from LOW to NORMAL
2026-08-21 00:27:41,GAZE_AWAY,MODERATE,Prolonged gaze away for 1.1s
2026-08-21 00:27:42,RISK_TRANSITION,LOW,Risk changed from NORMAL to LOW
2026-08-21 00:35:43,RISK_TRANSITION,LOW,Risk changed from NORMAL to LOW
2026-08-21 00:36:02,RISK_TRANSITION,LOW,Risk changed from NORMAL to LOW
2026-08-21 00:36:04,GAZE_AWAY,MODERATE,Prolonged gaze away for 1.0s
2026-08-21 00:36:05,EYE_CLOSURE,HIGH,Eyes closed for 1.5s
2026-08-21 00:36:05,MICROSLEEP,CRITICAL,Microsleep detected
2026-08-21 00:36:05,RISK_TRANSITION,MODERATE,Risk changed from LOW to MODERATE
2026-08-21 00:36:05,INTERVENTION,HIGH,Intervention changed from NORMAL to HIGH
2026-08-21 00:36:08,INTERVENTION,NORMAL,Intervention changed from HIGH to NORMAL
2026-08-21 00:36:11,RISK_TRANSITION,LOW,Risk changed from NORMAL to LOW
2026-08-21 00:41:41,RISK_TRANSITION,LOW,Risk changed from NORMAL to LOW
2026-08-21 00:41:49,RISK_TRANSITION,LOW,Risk changed from NORMAL to LOW
2026-08-21 00:42:08,RISK_TRANSITION,LOW,Risk changed from NORMAL to LOW
2026-08-21 00:47:11,RISK_TRANSITION,LOW,Risk changed from NORMAL to LOW
2026-08-21 00:47:15,RISK_TRANSITION,LOW,Risk changed from NORMAL to LOW
2026-08-21 00:47:24,RISK_TRANSITION,LOW,Risk changed from NORMAL to LOW
2026-08-21 00:47:42,RISK_TRANSITION,LOW,Risk changed from NORMAL to LOW
2026-08-21 00:47:45,GAZE_AWAY,MODERATE,Prolonged gaze away for 1.1s
2026-08-21 00:47:45,EYE_CLOSURE,HIGH,Eyes closed for 1.5s
2026-08-21 00:47:45,MICROSLEEP,CRITICAL,Microsleep detected
2026-08-21 00:47:45,RISK_TRANSITION,MODERATE,Risk changed from LOW to MODERATE
2026-08-21 00:47:45,INTERVENTION,HIGH,Intervention changed from NORMAL to HIGH
2026-08-21 00:47:48,INTERVENTION,NORMAL,Intervention changed from HIGH to NORMAL
2026-08-21 00:47:48,RISK_TRANSITION,LOW,Risk changed from NORMAL to LOW
2026-08-21 00:47:55,RISK_TRANSITION,LOW,Risk changed from NORMAL to LOW
2026-08-21 00:47:58,RISK_TRANSITION,LOW,Risk changed from NORMAL to LOW
2026-08-21 01:08:06,RISK_TRANSITION,LOW,Risk changed from NORMAL to LOW
2026-08-21 01:08:07,GAZE_AWAY,MODERATE,Prolonged gaze away for 1.0s
2026-08-21 01:08:08,EYE_CLOSURE,HIGH,Eyes closed for 1.5s
2026-08-21 01:08:08,MICROSLEEP,CRITICAL,Microsleep detected
2026-08-21 01:08:08,INTERVENTION,HIGH,Intervention changed from NORMAL to HIGH
2026-08-21 01:08:09,RISK_TRANSITION,LOW,Risk changed from MODERATE to LOW
2026-08-21 01:08:11,INTERVENTION,NORMAL,Intervention changed from HIGH to NORMAL
2026-08-21 01:08:11,RISK_TRANSITION,LOW,Risk changed from NORMAL to LOW
2026-08-21 01:10:26,GAZE_AWAY,MODERATE,Prolonged gaze away for 1.1s
2026-08-21 01:32:21,RISK_TRANSITION,LOW,Risk changed from NORMAL to LOW
2026-08-21 01:37:05,RISK_TRANSITION,LOW,Risk changed from NORMAL to LOW
2026-08-21 01:37:06,GAZE_AWAY,MODERATE,Prolonged gaze away for 1.1s
2026-08-21 01:37:07,EYE_CLOSURE,HIGH,Eyes closed for 1.5s
2026-08-21 01:37:07,MICROSLEEP,CRITICAL,Microsleep detected
2026-08-21 01:37:07,INTERVENTION,HIGH,Intervention changed from NORMAL to HIGH
2026-08-21 01:37:08,RISK_TRANSITION,LOW,Risk changed from MODERATE to LOW
2026-08-21 01:37:10,INTERVENTION,NORMAL,Intervention changed from HIGH to NORMAL
2026-08-21 01:37:10,RISK_TRANSITION,LOW,Risk changed from NORMAL to LOW
2026-08-21 01:39:13,RISK_TRANSITION,LOW,Risk changed from NORMAL to LOW
2026-08-21 01:39:15,YAWNING,MODERATE,Yawning detected
2026-08-21 01:39:17,RISK_TRANSITION,LOW,Risk changed from NORMAL to LOW
2026-08-21 01:39:19,RISK_TRANSITION,LOW,Risk changed from MODERATE to LOW
